pair_ID,label,prediction
6,0,0
7,0,0
8,0,0
10,1,0
11,0,0
13,2,0
15,0,0
16,0,0
17,0,0
19,1,0
20,2,0
21,0,0
22,1,0
23,2,0
27,0,0
29,0,0
31,2,0
32,1,0
33,1,0
34,2,0
36,0,0
37,0,0
38,2,0
39,0,0
41,1,0
43,0,0
46,0,2
48,0,0
50,0,2
51,0,0
52,1,0
53,0,0
54,0,0
57,0,0
59,0,0
60,0,0
61,0,0
63,1,0
64,2,0
66,1,0
67,2,0
68,0,0
69,2,0
71,0,0
74,1,0
75,0,0
76,0,0
80,0,0
86,0,0
89,1,0
92,0,0
95,0,0
96,0,0
101,0,0
102,0,0
103,0,0
104,1,0
106,0,0
108,0,0
109,1,0
110,0,0
111,1,2
114,0,0
115,0,0
118,1,0
121,1,0
123,0,0
125,0,0
128,0,0
132,2,0
134,0,0
135,0,0
137,0,0
138,0,0
142,1,0
143,2,0
144,0,0
145,0,0
147,0,0
149,1,0
151,1,0
152,2,0
153,1,0
154,2,0
155,0,0
156,2,0
157,1,0
158,1,0
160,1,0
162,1,0
165,0,0
166,0,0
167,1,0
168,2,0
169,1,0
171,0,0
172,1,0
174,0,0
175,1,0
177,1,0
178,1,0
179,0,0
180,0,0
181,1,0
182,0,0
187,0,0
189,0,0
190,0,0
191,1,0
193,1,0
195,0,0
196,2,0
198,2,0
199,0,0
203,0,0
204,1,0
206,0,0
207,2,0
208,1,0
209,1,0
210,2,0
212,0,0
213,0,0
214,0,0
220,0,0
221,0,0
222,1,0
229,1,0
230,2,0
231,1,0
235,0,0
239,0,0
242,0,0
243,0,0
244,2,0
245,0,0
246,0,0
247,2,0
250,0,0
251,0,0
252,0,0
255,1,0
261,0,0
262,1,0
263,0,0
264,0,0
267,0,0
268,0,0
270,0,0
271,0,0
274,0,0
275,0,0
278,0,0
281,0,0
282,1,0
284,1,0
288,0,0
290,0,0
292,0,0
294,0,0
295,0,0
297,0,0
298,0,0
299,0,0
300,1,0
306,0,0
307,0,0
308,0,0
314,2,0
316,0,0
318,0,0
319,0,0
320,0,0
321,0,0
322,1,0
324,1,0
325,2,0
326,0,0
328,0,0
330,0,0
334,0,0
336,1,0
337,1,0
343,1,0
345,0,0
348,0,0
349,0,0
350,0,0
352,2,0
353,0,0
355,2,0
356,0,0
357,2,0
359,0,0
364,1,0
365,0,0
368,0,0
369,0,0
371,1,0
376,0,0
383,0,0
385,0,0
386,0,0
388,0,0
389,0,0
399,0,0
400,0,0
401,0,0
405,0,0
406,1,0
407,0,0
408,1,0
411,1,0
412,0,0
414,1,0
416,0,0
418,0,0
419,0,0
420,0,0
421,0,0
424,1,0
425,2,0
426,0,0
429,0,0
430,0,0
431,2,0
432,1,0
433,1,0
437,0,0
443,0,0
444,0,0
445,1,0
448,0,0
452,0,0
453,1,0
455,1,0
456,2,0
458,0,0
459,0,0
460,0,0
463,2,0
464,0,0
466,2,0
467,0,0
468,0,0
469,1,0
471,0,0
472,0,0
474,2,0
478,2,0
479,0,0
480,2,0
481,1,0
482,1,0
483,0,0
487,0,0
488,0,0
490,0,0
492,2,0
493,0,0
495,0,0
498,0,0
501,0,0
502,1,0
503,2,0
504,0,0
509,0,0
510,0,0
511,0,0
512,0,0
517,0,0
518,1,0
519,2,0
521,0,0
523,0,0
525,0,0
532,2,0
533,0,0
534,0,0
536,0,0
537,0,0
539,0,0
540,0,0
543,0,0
544,1,0
546,0,0
547,0,0
549,0,0
553,0,0
554,1,0
558,0,0
559,0,0
562,0,0
563,0,0
566,0,0
567,1,0
569,0,0
571,2,0
572,0,0
573,0,0
574,0,0
575,0,0
576,0,0
577,0,0
578,0,0
579,0,0
580,1,0
582,0,0
583,1,0
584,2,0
585,1,0
589,0,0
590,1,0
591,1,0
593,1,0
594,2,0
595,0,0
596,0,0
598,0,0
600,1,0
602,0,0
607,0,0
608,0,0
610,0,0
612,1,0
613,1,0
614,2,0
615,0,0
616,1,0
618,0,0
620,0,0
623,0,0
624,0,0
627,0,0
633,0,0
635,0,0
636,0,0
639,1,0
640,0,0
642,1,0
644,0,0
652,1,0
654,0,0
656,0,0
658,0,0
659,0,0
662,0,0
664,0,0
665,1,0
666,0,0
667,1,0
669,0,0
670,0,0
673,1,0
674,2,0
675,1,0
677,2,0
681,0,0
682,0,0
683,0,0
684,0,0
686,0,0
688,0,0
694,0,0
695,0,0
700,0,0
701,0,0
705,1,0
706,2,0
707,0,0
708,0,0
710,0,0
711,0,0
712,0,0
713,1,0
714,0,0
716,1,0
719,0,0
720,0,0
721,0,0
724,0,0
726,1,0
739,0,0
740,1,0
742,0,0
743,1,0
744,0,0
750,1,0
751,2,0
753,2,0
755,0,0
756,0,0
758,1,0
763,0,0
767,0,0
770,0,0
771,0,0
773,0,0
775,0,0
776,0,0
778,0,0
779,0,0
781,1,0
782,2,0
786,0,0
787,0,0
788,0,0
790,0,0
794,1,0
795,0,0
798,2,0
800,0,0
801,0,0
803,0,0
805,1,0
806,2,0
807,1,0
808,1,0
809,2,0
810,0,0
814,0,0
815,0,0
817,0,0
818,1,0
819,2,0
821,0,0
823,0,0
826,0,0
828,2,0
829,1,0
832,0,0
833,0,0
834,0,0
835,0,0
837,0,0
838,0,0
840,1,0
842,0,0
843,0,0
847,0,0
849,0,0
850,0,0
853,1,0
854,2,0
856,1,0
861,0,0
863,0,0
865,2,0
871,0,0
875,1,0
877,1,0
884,0,0
885,0,0
886,0,0
890,1,0
891,2,0
894,1,0
896,0,0
897,2,0
900,2,0
901,0,0
903,0,0
905,0,0
907,0,0
911,0,0
912,1,0
914,1,0
916,0,0
918,0,0
919,0,0
921,0,0
923,1,0
924,2,0
925,0,0
926,1,0
928,0,0
929,0,0
930,1,0
934,1,0
937,1,0
938,0,0
939,0,0
941,0,0
942,0,0
946,0,0
951,2,0
952,0,0
954,0,0
955,0,0
958,0,0
964,2,0
965,1,0
966,1,0
968,0,0
969,1,0
971,0,0
972,1,0
974,2,0
976,1,0
977,1,0
981,0,0
982,0,0
983,0,0
986,1,0
990,2,0
992,0,0
993,0,0
995,0,0
997,0,0
999,1,0
1001,1,0
1003,0,0
1005,0,0
1006,0,0
1011,1,0
1012,0,0
1013,0,0
1014,0,0
1015,0,0
1017,0,0
1020,0,0
1023,0,0
1024,1,0
1025,2,0
1027,0,0
1030,0,0
1032,1,0
1034,0,0
1035,1,0
1036,2,0
1040,0,0
1041,1,0
1042,0,0
1051,0,0
1056,0,0
1058,1,0
1059,2,0
1060,0,0
1062,2,0
1063,0,0
1066,0,0
1067,0,0
1070,0,0
1071,1,0
1072,0,0
1073,1,0
1075,1,0
1077,0,0
1078,0,0
1079,0,0
1081,0,0
1085,1,0
1086,0,0
1089,0,0
1098,1,0
1100,0,0
1101,0,0
1103,0,0
1106,1,0
1107,2,0
1110,2,0
1113,0,0
1114,0,0
1116,0,0
1121,1,0
1123,1,0
1124,2,0
1126,1,0
1127,2,0
1130,2,0
1131,2,0
1132,0,0
1134,0,0
1136,0,0
1138,0,0
1139,1,0
1140,2,0
1141,1,0
1142,2,0
1143,0,0
1144,0,0
1146,0,0
1148,1,0
1150,1,0
1151,2,0
1152,0,0
1156,0,0
1158,2,0
1159,1,0
1160,0,0
1163,0,0
1164,0,0
1166,1,0
1168,1,0
1171,0,0
1172,0,0
1173,0,0
1174,0,0
1176,2,0
1181,0,0
1183,0,0
1185,0,0
1186,1,0
1187,0,0
1189,0,0
1197,2,0
1198,0,0
1199,0,0
1201,0,0
1203,0,0
1204,0,0
1208,1,0
1209,2,0
1210,0,0
1211,0,0
1216,2,0
1217,1,0
1218,2,0
1220,2,0
1223,0,0
1224,1,0
1225,2,0
1226,1,0
1229,0,0
1231,0,0
1233,1,0
1234,2,0
1235,1,0
1238,0,0
1243,2,0
1245,2,0
1247,0,0
1250,0,0
1252,2,0
1253,1,0
1254,0,0
1256,0,0
1257,0,0
1258,0,0
1260,1,0
1261,2,0
1262,1,0
1263,2,0
1264,1,0
1265,2,0
1267,2,0
1269,0,0
1272,2,0
1277,0,0
1278,0,0
1279,2,0
1281,2,0
1285,0,0
1286,0,0
1288,2,0
1289,1,0
1290,0,0
1295,0,0
1296,1,0
1298,0,0
1299,1,0
1300,2,0
1301,0,0
1304,0,0
1306,0,0
1307,0,0
1309,1,0
1310,2,0
1312,2,0
1313,0,0
1314,0,0
1315,0,0
1316,0,0
1320,0,0
1322,2,0
1323,0,0
1324,1,0
1325,2,0
1327,0,0
1330,1,0
1331,1,0
1332,2,0
1334,0,0
1337,1,0
1338,0,0
1339,1,0
1340,1,0
1343,2,0
1347,2,0
1348,1,0
1349,0,0
1351,1,0
1353,1,0
1356,2,0
1357,1,0
1360,1,0
1362,1,0
1363,2,0
1364,1,0
1366,1,0
1367,1,0
1369,1,0
1370,2,0
1374,0,0
1375,1,0
1377,2,0
1382,0,0
1383,2,0
1391,0,0
1392,0,0
1393,0,0
1394,1,0
1395,0,0
1397,2,0
1398,0,0
1401,0,0
1402,0,0
1406,2,0
1411,0,0
1413,0,0
1416,1,0
1418,1,0
1420,1,0
1422,0,0
1423,1,0
1424,2,0
1425,0,0
1426,0,0
1428,0,0
1430,1,0
1433,2,0
1436,0,0
1437,0,0
1439,1,0
1440,2,0
1441,1,0
1442,0,0
1445,0,0
1447,0,0
1449,0,0
1450,1,0
1451,2,0
1452,0,0
1454,0,0
1456,0,0
1457,1,0
1459,1,0
1460,0,0
1462,0,0
1465,0,0
1468,1,0
1471,0,0
1472,0,0
1475,1,0
1477,1,0
1478,2,0
1485,2,0
1490,0,0
1491,0,0
1492,0,0
1496,2,0
1497,1,0
1500,2,0
1502,1,0
1507,0,0
1508,0,0
1510,0,0
1512,0,0
1515,0,0
1516,0,0
1518,0,0
1520,1,0
1522,0,0
1526,0,0
1528,0,0
1529,1,0
1530,0,0
1533,0,0
1537,0,0
1539,2,0
1540,0,0
1542,0,0
1543,0,0
1544,0,0
1546,0,0
1548,2,0
1554,0,0
1555,0,0
1556,1,0
1560,1,0
1561,0,0
1562,0,0
1564,1,0
1567,0,0
1568,1,0
1569,1,0
1571,0,0
1572,0,0
1577,0,0
1578,1,0
1579,2,0
1581,2,0
1583,2,0
1589,1,0
1590,2,0
1593,1,0
1594,0,0
1596,1,0
1597,0,0
1598,1,0
1600,0,0
1602,2,0
1603,0,0
1605,0,0
1611,2,0
1613,0,0
1616,0,0
1617,1,0
1619,1,0
1620,1,0
1622,0,0
1623,1,0
1624,0,0
1630,1,0
1633,0,0
1634,0,0
1636,0,0
1637,0,0
1638,0,0
1642,0,0
1644,2,0
1645,1,0
1654,2,0
1656,1,0
1658,1,0
1662,0,0
1664,1,0
1665,0,0
1666,1,0
1667,1,0
1672,0,0
1674,0,0
1678,2,0
1679,0,0
1681,2,0
1683,1,0
1684,2,0
1685,0,0
1686,1,0
1688,0,0
1689,1,0
1692,0,0
1693,1,0
1695,0,0
1696,1,0
1698,0,0
1699,0,0
1701,0,0
1704,2,0
1709,0,0
1710,0,0
1713,2,0
1717,1,0
1718,2,0
1720,2,0
1722,1,0
1725,1,0
1726,2,0
1727,0,0
1728,0,0
1730,0,0
1731,0,0
1732,0,0
1734,1,2
1735,2,2
1737,2,0
1738,0,0
1739,0,2
1740,0,0
1742,0,0
1743,1,0
1744,2,0
1745,0,0
1746,1,0
1748,0,0
1749,0,0
1750,1,0
1752,0,0
1758,2,0
1760,0,0
1761,1,0
1762,0,0
1763,0,0
1764,0,0
1767,0,0
1768,1,0
1769,2,0
1770,0,0
1774,0,0
1775,0,0
1778,1,0
1779,0,0
1785,0,0
1786,1,0
1788,1,0
1790,2,0
1793,2,0
1794,0,0
1795,0,0
1796,2,0
1797,0,0
1799,0,0
1800,0,0
1801,1,0
1802,1,0
1803,2,0
1804,1,0
1805,2,0
1806,0,0
1810,0,0
1813,1,0
1816,1,0
1817,2,0
1819,0,0
1821,0,0
1824,0,0
1826,1,0
1827,0,0
1828,0,0
1831,0,0
1833,0,0
1834,0,0
1835,0,0
1836,0,0
1837,0,0
1838,0,0
1843,2,0
1845,0,0
1848,0,0
1850,1,0
1855,0,0
1856,0,0
1857,2,0
1858,0,0
1859,1,0
1860,2,0
1862,1,0
1863,2,0
1864,0,0
1865,1,0
1867,0,0
1868,1,0
1870,1,0
1871,1,0
1872,1,0
1875,1,0
1880,0,0
1883,0,0
1885,1,0
1889,2,0
1890,0,0
1891,0,0
1893,0,0
1895,2,0
1896,0,0
1899,0,0
1901,2,0
1902,0,0
1903,0,0
1905,0,0
1906,0,0
1911,0,0
1913,2,0
1914,0,0
1915,0,0
1916,0,0
1917,0,0
1920,0,0
1922,1,0
1923,2,0
1924,0,0
1925,1,0
1926,2,0
1928,0,0
1929,0,0
1930,0,0
1931,0,0
1932,0,0
1933,0,0
1937,1,0
1938,0,0
1941,0,0
1945,2,0
1947,0,0
1950,0,0
1951,0,0
1953,1,0
1956,1,0
1957,0,0
1958,0,0
1959,0,0
1960,0,0
1962,0,0
1965,2,0
1966,0,0
1968,2,0
1971,0,0
1973,1,0
1976,1,0
1977,1,0
1979,0,0
1980,1,0
1982,0,0
1983,0,0
1985,0,0
1986,0,0
1990,0,0
1995,0,0
1997,0,0
1998,0,0
2002,1,0
2003,0,0
2010,0,0
2013,0,0
2017,1,0
2021,0,0
2022,0,0
2026,0,0
2028,0,0
2031,2,0
2032,0,0
2033,0,0
2034,0,0
2036,1,0
2039,0,0
2042,0,0
2043,1,0
2044,2,0
2046,0,0
2048,0,0
2050,0,0
2053,1,0
2054,0,0
2057,2,0
2060,1,0
2062,0,0
2063,1,0
2065,2,0
2069,0,0
2071,0,0
2074,0,0
2077,0,0
2083,0,0
2085,0,0
2093,1,0
2095,0,0
2099,0,0
2101,1,0
2106,0,0
2108,0,0
2110,0,0
2111,0,0
2114,0,0
2116,0,0
2120,0,0
2126,0,0
2127,1,0
2128,2,0
2129,1,0
2131,0,0
2133,0,0
2134,0,0
2135,0,0
2137,2,0
2138,0,0
2140,2,0
2142,0,0
2143,0,0
2147,0,0
2149,1,0
2151,0,0
2152,1,0
2154,1,0
2155,0,0
2156,0,0
2158,0,0
2159,0,0
2160,0,0
2161,0,0
2168,1,0
2169,0,0
2173,0,0
2174,1,0
2177,0,0
2178,1,0
2182,1,0
2185,2,0
2186,1,0
2187,2,0
2189,0,0
2190,1,0
2191,1,0
2193,0,0
2194,1,0
2197,0,0
2200,0,0
2201,0,0
2204,0,0
2206,0,0
2209,0,0
2211,1,0
2214,1,0
2216,0,0
2219,2,0
2220,1,0
2223,0,0
2224,0,0
2225,1,0
2227,2,0
2230,1,0
2237,1,0
2241,0,0
2244,0,0
2245,0,0
2246,1,0
2248,1,0
2249,2,0
2254,1,0
2255,1,0
2256,0,0
2257,1,0
2258,2,0
2262,0,0
2265,2,0
2267,2,0
2268,0,0
2269,0,0
2270,0,0
2271,0,0
2273,1,0
2276,0,0
2278,0,0
2279,0,0
2280,0,0
2283,2,0
2285,2,0
2290,1,0
2292,2,0
2293,0,0
2294,0,0
2295,0,0
2296,0,0
2298,0,0
2300,1,0
2301,0,0
2306,0,0
2312,1,0
2313,2,0
2320,0,0
2321,0,0
2323,0,0
2324,0,0
2325,1,0
2326,2,0
2328,1,0
2331,1,0
2335,1,0
2336,2,0
2337,1,0
2342,0,0
2343,1,0
2345,1,0
2346,1,0
2347,0,0
2349,1,0
2353,1,0
2354,0,0
2355,0,0
2356,0,0
2357,1,0
2361,2,0
2367,1,0
2370,1,0
2371,2,0
2372,1,0
2373,0,0
2376,1,0
2378,0,0
2379,1,0
2380,2,0
2382,0,0
2384,0,0
2387,0,0
2389,1,0
2390,2,0
2393,0,0
2394,0,0
2395,0,0
2396,1,0
2398,2,0
2399,1,0
2403,1,0
2406,1,0
2408,1,0
2411,0,0
2412,0,0
2416,2,0
2417,1,0
2418,1,0
2419,2,0
2420,1,0
2421,0,0
2424,0,0
2425,1,0
2427,0,0
2428,1,0
2432,0,0
2433,0,0
2434,1,0
2435,1,0
2437,1,0
2439,2,0
2442,1,0
2443,0,0
2444,0,0
2446,1,0
2448,0,0
2449,1,0
2451,0,0
2452,1,0
2453,0,0
2454,0,0
2460,0,0
2461,1,0
2462,2,0
2463,1,0
2464,0,0
2468,1,0
2469,0,0
2470,1,0
2471,0,0
2473,0,0
2475,0,0
2477,1,0
2478,0,0
2479,1,0
2480,2,0
2481,0,0
2482,0,0
2483,0,0
2484,0,0
2487,0,0
2489,2,0
2490,0,0
2492,0,0
2493,0,0
2498,1,0
2501,0,0
2502,0,0
2503,0,0
2504,0,0
2507,2,0
2511,1,0
2512,0,0
2513,1,0
2516,1,0
2517,1,0
2519,1,0
2520,2,0
2522,0,0
2523,0,0
2524,0,0
2526,2,0
2528,1,0
2531,0,0
2532,1,0
2533,0,0
2534,1,0
2536,1,0
2537,1,0
2541,0,0
2542,0,0
2546,1,0
2547,2,0
2548,1,0
2550,1,0
2552,1,0
2556,0,0
2558,0,0
2559,1,0
2560,0,0
2562,0,0
2563,1,0
2564,1,0
2565,2,0
2567,0,0
2568,0,0
2570,0,0
2571,0,0
2573,1,0
2575,1,0
2576,2,0
2580,0,0
2581,1,0
2584,1,0
2585,2,0
2586,1,0
2587,2,0
2595,1,0
2598,0,0
2600,0,0
2603,2,0
2605,2,0
2607,1,0
2609,0,0
2610,1,0
2611,2,0
2612,1,0
2613,1,0
2614,2,0
2616,0,0
2617,1,0
2618,0,0
2620,2,0
2621,1,0
2624,0,0
2629,1,0
2631,1,0
2633,1,0
2635,1,2
2639,0,0
2641,1,0
2642,0,2
2644,1,0
2645,2,0
2646,1,0
2647,2,0
2648,0,0
2649,0,0
2652,0,0
2653,1,0
2658,0,0
2659,0,0
2661,0,0
2663,0,0
2665,0,0
2667,0,0
2669,0,0
2671,0,0
2674,0,0
2676,0,0
2677,0,0
2681,1,0
2683,1,0
2685,2,0
2686,1,0
2690,0,0
2693,1,0
2694,0,0
2695,1,0
2697,1,0
2698,0,0
2699,1,0
2700,0,0
2706,1,0
2717,0,0
2719,0,0
2723,2,0
2725,0,0
2727,0,0
2729,0,0
2732,0,0
2733,1,0
2736,2,0
2737,0,0
2740,0,0
2742,1,0
2743,2,0
2745,0,0
2746,1,0
2747,0,0
2749,2,0
2750,1,0
2753,1,0
2759,1,0
2760,1,0
2762,1,0
2767,0,0
2769,1,0
2771,0,0
2773,0,0
2780,1,0
2781,0,0
2782,1,0
2785,2,0
2786,1,0
2790,2,0
2793,1,0
2794,2,0
2796,0,0
2798,1,0
2801,2,0
2804,0,0
2805,0,0
2806,0,0
2808,0,0
2810,0,0
2814,0,0
2816,1,0
2819,1,0
2820,0,0
2823,0,0
2824,0,0
2825,0,0
2826,0,0
2830,2,0
2831,1,0
2832,0,0
2833,1,0
2834,0,0
2835,1,0
2836,1,0
2840,1,0
2841,0,0
2843,2,0
2846,2,0
2847,1,0
2848,2,0
2849,0,0
2852,0,0
2855,2,0
2858,1,0
2859,0,0
2866,0,0
2869,0,0
2871,1,0
2872,1,0
2873,2,0
2876,1,0
2877,2,0
2878,1,0
2880,1,0
2882,0,0
2884,2,0
2885,1,0
2887,1,0
2888,0,0
2889,1,0
2892,1,0
2893,2,0
2895,2,0
2897,0,0
2901,1,0
2902,0,0
2904,0,0
2906,0,0
2912,1,0
2914,0,0
2921,0,0
2922,0,0
2923,0,0
2925,0,0
2928,1,0
2929,2,0
2931,0,0
2934,0,0
2940,1,0
2942,0,0
2944,0,0
2946,1,0
2947,2,0
2948,1,0
2949,2,0
2950,1,0
2953,2,0
2954,1,0
2962,2,0
2963,1,0
2973,0,0
2975,1,0
2978,1,2
2979,2,0
2982,1,0
2985,0,0
2986,1,0
2987,2,0
2990,0,0
2991,0,0
2993,0,0
2999,0,0
3000,0,0
3001,0,0
3003,0,0
3004,1,0
3006,1,0
3008,0,0
3009,0,0
3011,1,0
3012,1,0
3013,0,0
3017,1,0
3020,0,0
3021,0,0
3023,0,0
3025,0,0
3026,1,0
3028,0,0
3029,2,0
3030,0,0
3032,0,0
3034,2,0
3035,1,0
3037,1,0
3040,2,0
3044,1,0
3045,2,0
3048,0,0
3051,1,0
3052,2,0
3053,1,0
3055,1,0
3056,0,0
3057,1,0
3058,2,0
3060,1,0
3063,1,0
3064,2,0
3066,2,0
3067,1,0
3070,1,0
3074,0,0
3075,1,0
3076,0,0
3077,1,0
3078,2,0
3080,1,0
3082,1,0
3083,2,0
3084,0,0
3086,0,0
3087,0,0
3088,0,0
3089,1,0
3090,2,0
3093,0,0
3095,0,0
3096,0,0
3099,2,0
3101,1,0
3103,1,0
3104,0,0
3106,2,0
3108,1,0
3109,1,0
3112,2,0
3113,1,0
3115,1,0
3116,2,0
3117,1,0
3118,1,0
3119,2,0
3120,1,0
3124,0,0
3125,0,0
3127,1,0
3128,0,0
3131,0,0
3133,0,0
3135,0,0
3136,1,0
3137,2,0
3138,0,0
3139,1,0
3141,0,0
3142,0,0
3144,0,0
3145,0,0
3146,0,0
3147,1,0
3148,0,0
3149,1,0
3151,0,0
3152,0,0
3154,0,0
3155,1,0
3159,2,0
3160,0,0
3163,0,0
3167,1,0
3168,0,0
3169,1,0
3171,1,0
3172,0,0
3173,0,0
3175,1,0
3176,1,0
3177,0,0
3178,1,0
3179,2,0
3180,1,0
3183,0,0
3184,1,0
3185,1,0
3189,0,0
3190,0,0
3191,0,0
3193,0,0
3194,1,0
3195,2,0
3196,1,0
3197,2,0
3198,1,0
3199,2,0
3204,0,0
3205,1,0
3206,2,0
3207,1,0
3209,1,0
3210,0,0
3211,1,0
3212,1,0
3215,2,0
3216,1,0
3219,0,0
3220,1,0
3225,0,0
3226,0,0
3229,0,0
3231,2,0
3233,2,0
3234,0,0
3235,0,0
3236,0,0
3237,0,0
3239,1,0
3240,2,0
3241,1,0
3244,0,0
3245,1,0
3246,0,0
3247,1,0
3249,0,0
3251,0,0
3259,1,0
3263,1,0
3266,1,0
3267,0,0
3268,1,0
3269,2,0
3270,1,0
3276,0,0
3279,0,0
3282,0,0
3284,0,0
3289,0,0
3290,0,0
3293,0,0
3295,1,0
3296,0,0
3297,1,0
3300,0,0
3301,2,0
3302,1,0
3305,1,0
3306,1,0
3307,2,0
3308,1,0
3309,2,0
3310,1,0
3312,0,0
3315,1,0
3317,1,0
3318,2,0
3320,1,0
3323,1,0
3326,1,0
3328,1,0
3331,0,0
3333,0,0
3334,0,0
3335,1,0
3337,1,0
3341,0,0
3343,0,0
3348,1,2
3350,1,0
3352,0,2
3354,1,0
3355,1,0
3360,0,0
3365,2,0
3377,2,0
3379,0,0
3380,0,0
3381,0,0
3383,0,0
3387,2,0
3388,1,0
3390,1,0
3391,2,0
3392,1,0
3393,1,2
3394,2,2
3399,0,0
3401,0,0
3402,1,0
3403,0,0
3404,1,0
3406,1,0
3408,1,0
3409,0,0
3410,1,0
3415,2,0
3417,0,0
3419,0,0
3421,0,0
3423,2,0
3430,0,0
3431,0,0
3434,2,0
3439,1,0
3441,1,0
3442,1,0
3445,0,0
3446,0,0
3447,0,0
3449,1,0
3450,0,0
3455,0,0
3456,0,0
3457,0,0
3458,0,0
3463,2,0
3464,1,0
3466,1,0
3469,1,0
3470,0,0
3473,0,0
3474,0,0
3475,0,0
3476,0,0
3477,0,0
3478,0,0
3481,2,0
3482,0,0
3483,1,0
3489,0,0
3490,0,0
3493,1,0
3497,0,0
3498,0,0
3499,0,0
3502,2,0
3506,1,2
3509,2,0
3513,1,0
3515,1,0
3519,0,0
3520,0,0
3521,0,0
3522,1,0
3523,2,0
3524,1,0
3525,2,0
3526,0,0
3527,1,0
3531,2,0
3532,1,0
3535,0,0
3540,0,0
3545,0,0
3550,0,0
3551,0,0
3553,1,0
3555,1,0
3557,0,0
3558,1,0
3559,0,0
3560,0,0
3562,2,0
3563,1,0
3564,1,0
3570,2,0
3573,0,0
3575,1,0
3578,2,0
3581,0,0
3583,0,0
3585,2,0
3587,0,0
3588,1,0
3590,1,0
3591,2,0
3593,1,0
3594,0,0
3595,1,0
3596,2,0
3597,0,0
3599,0,0
3600,1,0
3601,1,0
3604,1,0
3605,0,0
3606,1,0
3608,0,0
3609,0,0
3610,0,0
3612,0,0
3613,0,0
3615,1,0
3616,2,0
3617,1,0
3619,1,0
3621,1,0
3622,0,0
3628,0,0
3631,0,0
3632,1,0
3634,0,0
3636,2,0
3637,1,0
3641,1,0
3642,0,0
3644,1,0
3645,0,0
3648,2,0
3652,0,0
3654,0,0
3655,0,0
3656,0,0
3659,1,0
3660,0,0
3662,0,0
3663,0,0
3664,0,0
3665,0,0
3667,0,0
3671,0,0
3674,0,0
3675,0,0
3676,0,0
3677,1,0
3678,0,0
3679,1,0
3681,1,0
3683,0,0
3688,1,0
3698,1,0
3700,0,0
3704,2,0
3706,0,0
3714,0,0
3715,0,0
3716,1,0
3717,2,0
3722,2,0
3723,0,0
3724,0,0
3726,2,0
3729,0,0
3730,0,0
3731,1,0
3732,0,0
3734,0,0
3735,0,0
3738,0,0
3741,1,0
3744,2,0
3745,0,0
3749,0,0
3754,1,0
3757,2,0
3760,2,0
3763,1,0
3764,0,0
3768,1,0
3769,0,0
3771,2,0
3772,1,0
3773,2,0
3775,0,0
3778,0,0
3782,0,0
3786,0,0
3787,0,0
3791,0,0
3792,1,0
3793,2,0
3794,0,0
3796,0,0
3798,1,0
3802,2,0
3806,1,0
3808,0,0
3810,0,0
3811,0,0
3813,2,0
3815,1,0
3816,2,0
3817,1,0
3818,0,0
3819,1,0
3822,1,0
3824,0,0
3829,1,0
3830,0,0
3832,1,0
3833,2,0
3835,2,0
3837,1,0
3841,2,0
3842,1,0
3843,1,0
3848,0,0
3849,2,0
3850,1,0
3851,0,0
3854,1,0
3858,0,0
3859,0,0
3863,0,0
3865,1,0
3867,1,0
3875,1,0
3876,1,0
3877,0,0
3878,1,0
3879,2,0
3881,2,0
3888,0,0
3889,0,0
3890,0,0
3891,0,0
3894,1,0
3896,1,0
3900,0,0
3902,0,0
3906,2,0
3907,1,0
3911,1,0
3913,2,0
3916,0,0
3918,1,0
3919,2,0
3923,0,0
3925,0,0
3926,0,0
3927,0,0
3928,0,0
3931,0,0
3932,0,0
3933,0,0
3937,0,0
3944,2,0
3945,1,0
3946,2,0
3950,2,0
3952,1,0
3953,0,0
3954,1,0
3959,0,0
3960,1,0
3962,1,0
3963,1,0
3964,0,0
3965,1,0
3966,2,0
3967,0,0
3968,0,0
3969,0,0
3971,0,0
3974,1,0
3975,0,0
3977,0,0
3978,0,0
3979,2,0
3981,1,0
3983,1,0
3988,0,0
3991,2,0
3997,0,0
4000,0,0
4003,0,0
4005,2,0
4008,1,0
4009,0,0
4010,0,0
4016,2,0
4018,1,0
4019,0,0
4022,2,0
4023,0,0
4024,1,0
4025,1,0
4026,0,0
4027,1,0
4029,0,0
4030,0,0
4032,0,0
4035,0,0
4039,0,0
4042,0,0
4044,0,0
4048,2,0
4051,1,0
4052,0,0
4053,1,0
4055,2,0
4057,2,0
4059,0,0
4064,2,0
4070,0,0
4073,0,0
4075,0,0
4077,2,0
4078,0,0
4080,2,0
4081,0,0
4082,1,0
4089,2,0
4091,0,0
4092,2,0
4093,0,0
4095,0,0
4096,0,0
4097,1,0
4098,1,0
4099,0,0
4101,2,0
4103,0,0
4104,0,2
4106,0,0
4107,1,0
4110,2,0
4111,1,0
4116,1,0
4121,0,0
4122,0,0
4124,0,0
4128,2,0
4129,0,0
4130,0,0
4131,0,0
4138,1,0
4139,2,0
4143,0,0
4144,0,0
4150,1,0
4151,0,0
4153,0,0
4158,0,0
4159,0,0
4160,0,0
4161,0,0
4166,0,0
4167,0,0
4169,0,0
4170,0,0
4171,0,0
4172,1,0
4175,2,0
4177,0,0
4180,1,0
4182,2,0
4184,2,0
4186,0,0
4188,0,0
4189,0,0
4190,0,0
4192,1,0
4198,0,0
4200,0,0
4201,1,0
4203,1,0
4204,2,0
4206,2,0
4208,0,0
4210,1,0
4211,2,0
4215,0,0
4217,0,0
4218,0,0
4222,2,0
4224,0,0
4225,1,0
4226,0,0
4227,0,0
4229,0,2
4230,1,2
4233,0,2
4234,0,0
4237,1,0
4240,2,0
4241,0,0
4243,0,0
4245,0,0
4249,2,0
4250,0,0
4255,2,0
4256,1,0
4258,0,0
4261,0,0
4262,0,0
4263,0,0
4264,0,0
4268,1,0
4270,1,0
4271,0,0
4273,0,0
4276,2,0
4278,0,0
4281,1,0
4285,2,0
4286,1,0
4292,1,0
4293,1,0
4294,0,0
4296,2,0
4297,1,0
4298,2,0
4300,0,0
4302,1,0
4303,2,0
4309,0,0
4310,0,0
4311,1,0
4313,1,0
4314,0,0
4317,0,0
4319,0,0
4324,2,0
4326,1,0
4327,2,0
4331,0,0
4332,1,0
4333,1,0
4334,0,0
4337,0,0
4343,2,0
4345,2,2
4352,2,0
4353,1,0
4355,0,0
4356,0,0
4358,0,0
4362,0,0
4366,0,0
4367,0,0
4368,0,0
4372,2,0
4373,1,0
4374,2,0
4375,0,0
4380,1,0
4383,2,0
4384,1,0
4389,1,0
4391,1,0
4397,1,0
4399,2,0
4400,1,0
4402,1,0
4403,2,0
4404,1,0
4405,2,0
4406,1,0
4409,1,0
4413,1,0
4415,0,0
4416,1,0
4419,2,0
4420,0,0
4421,0,0
4422,0,0
4423,0,0
4424,0,0
4425,1,0
4427,1,0
4428,0,0
4430,0,0
4433,0,0
4434,1,0
4435,2,0
4436,1,0
4437,2,0
4438,0,0
4441,0,0
4444,2,0
4448,0,0
4449,0,0
4450,0,0
4451,0,0
4452,1,0
4453,2,0
4455,2,0
4456,0,0
4459,2,0
4460,1,0
4461,1,0
4462,2,0
4463,1,0
4465,0,0
4466,0,0
4467,0,0
4470,1,0
4474,0,0
4475,0,0
4476,0,0
4478,0,0
4479,1,0
4480,2,0
4482,2,0
4483,0,0
4484,0,0
4485,0,0
4488,0,0
4489,2,0
4491,0,0
4493,0,0
4494,1,0
4495,0,0
4496,0,0
4499,1,0
4500,2,0
4502,0,0
4504,0,0
4506,0,0
4508,1,0
4510,1,0
4512,0,0
4518,2,0
4521,0,0
4527,2,0
4528,1,0
4530,0,0
4531,0,0
4532,0,0
4533,0,0
4535,1,0
4536,2,0
4537,1,0
4538,2,0
4539,0,0
4542,2,0
4543,0,0
4547,2,0
4548,0,0
4550,0,0
4552,0,0
4554,2,0
4555,1,0
4557,0,0
4560,0,0
4561,0,0
4563,2,0
4566,1,0
4568,1,0
4571,1,0
4572,2,0
4575,0,0
4576,0,0
4577,0,0
4578,0,0
4582,1,0
4584,0,0
4586,1,0
4587,2,0
4589,1,0
4591,1,0
4592,2,0
4593,0,0
4594,0,0
4598,1,0
4599,2,0
4600,1,0
4602,1,0
4603,0,0
4604,1,0
4607,1,0
4608,2,0
4609,1,0
4613,1,0
4618,1,0
4620,1,0
4621,0,0
4622,1,0
4623,2,0
4624,1,0
4625,1,0
4627,0,0
4628,2,0
4629,0,0
4631,0,0
4639,0,0
4640,0,0
4641,0,0
4642,0,0
4645,0,0
4647,1,0
4649,1,0
4654,1,0
4655,2,0
4657,0,0
4658,0,0
4667,0,0
4670,0,0
4672,0,0
4675,1,0
4676,0,0
4677,0,0
4678,0,0
4682,2,0
4684,2,0
4690,1,0
4691,0,0
4692,1,0
4693,0,0
4694,0,0
4695,0,0
4698,0,0
4703,0,0
4704,0,0
4705,0,0
4706,0,0
4708,1,0
4709,2,0
4714,0,0
4715,0,0
4719,0,0
4721,2,0
4722,0,0
4723,0,0
4726,0,0
4727,0,0
4730,1,0
4732,1,0
4733,2,0
4736,1,0
4737,1,0
4738,2,0
4739,1,0
4741,0,0
4744,0,0
4747,1,0
4748,1,0
4749,2,0
4750,1,0
4751,0,0
4754,0,0
4757,1,0
4758,0,0
4765,0,0
4768,1,0
4770,0,0
4772,0,0
4773,0,0
4775,1,0
4778,0,0
4779,1,0
4781,1,0
4783,1,0
4784,1,0
4785,0,0
4786,1,0
4787,2,0
4789,0,0
4791,0,0
4792,0,0
4801,1,0
4804,0,0
4809,0,0
4818,2,0
4827,2,0
4828,1,0
4829,2,0
4830,1,0
4833,0,0
4834,2,0
4835,0,0
4837,0,0
4838,0,0
4840,0,0
4841,0,0
4846,0,0
4850,0,0
4854,2,0
4856,0,0
4861,2,0
4862,1,0
4864,0,0
4865,0,0
4868,0,0
4870,2,0
4871,1,0
4873,0,0
4875,0,0
4876,0,0
4878,1,0
4884,1,0
4887,1,0
4889,1,0
4890,2,0
4892,2,0
4893,1,0
4894,0,0
4895,1,0
4896,1,0
4897,2,0
4899,2,0
4902,0,0
4904,0,0
4906,2,0
4907,1,0
4908,2,0
4909,0,0
4910,0,0
4914,1,0
4917,2,0
4923,1,0
4924,2,0
4925,1,0
4927,0,0
4930,0,0
4931,0,0
4935,1,0
4936,2,0
4939,0,0
4943,0,0
4945,1,0
4952,0,0
4955,2,0
4956,1,0
4958,0,0
4962,0,0
4969,0,0
4972,1,0
4973,2,0
4976,0,0
4979,0,0
4980,0,0
4984,0,0
4986,0,0
4987,0,0
4988,0,0
4993,2,0
4994,0,0
4995,0,0
4999,1,0
5001,1,0
5004,0,0
5006,1,0
5008,1,0
5009,2,0
5013,0,0
5016,0,0
5019,0,0
5020,1,0
5021,2,0
5028,1,0
5029,2,0
5034,2,0
5035,0,0
5036,1,0
5038,1,0
5041,1,0
5042,2,0
5043,0,0
5044,0,0
5054,0,0
5055,0,0
5057,1,0
5059,1,0
5061,1,0
5062,2,0
5063,1,0
5065,1,0
5066,1,0
5067,2,0
5068,1,0
5069,2,0
5070,0,0
5071,0,0
5075,1,0
5076,2,0
5077,1,0
5084,0,0
5087,0,0
5088,0,0
5090,0,0
5093,1,0
5094,2,0
5095,1,0
5098,0,0
5099,0,0
5101,0,0
5103,0,0
5104,1,0
5106,1,0
5108,1,0
5111,1,0
5112,2,0
5118,0,0
5120,1,0
5122,1,0
5126,0,0
5128,0,0
5129,1,0
5130,2,0
5131,0,0
5138,0,0
5140,1,0
5143,0,0
5144,0,0
5146,0,0
5150,2,0
5151,0,0
5152,0,0
5156,1,0
5157,2,0
5158,1,0
5159,2,0
5162,0,0
5164,0,0
5165,1,0
5168,2,0
5170,0,0
5172,0,0
5173,0,0
5174,1,0
5179,2,0
5180,1,0
5181,2,0
5182,1,0
5183,1,0
5184,0,0
5185,1,0
5188,0,0
5190,0,0
5192,1,0
5193,2,0
5194,1,0
5196,0,0
5200,0,0
5202,0,0
5205,0,0
5207,0,0
5209,0,0
5210,1,0
5211,2,0
5213,2,0
5214,0,0
5217,0,0
5218,0,0
5221,0,0
5222,0,0
5224,0,0
5228,1,0
5229,2,0
5230,1,0
5233,0,0
5235,0,0
5237,1,0
5240,2,0
5241,0,0
5243,0,0
5245,0,0
5250,0,0
5252,0,0
5255,1,0
5257,1,0
5259,1,0
5265,2,0
5266,1,0
5268,1,0
5270,0,0
5271,2,0
5272,1,0
5273,1,0
5274,2,0
5275,1,0
5279,1,0
5280,2,0
5281,1,0
5283,2,0
5284,1,0
5285,2,0
5286,1,0
5287,2,0
5289,2,0
5290,1,0
5292,0,0
5293,1,0
5295,0,0
5297,0,0
5299,0,0
5300,1,0
5301,2,0
5302,1,0
5305,2,0
5307,2,0
5308,1,0
5309,1,0
5312,0,0
5315,1,0
5316,0,0
5320,1,0
5322,0,0
5323,0,0
5326,1,0
5328,0,0
5330,0,0
5331,1,0
5332,0,0
5336,1,0
5337,2,0
5339,2,0
5343,0,0
5344,0,0
5353,1,0
5354,1,0
5355,2,0
5360,1,0
5364,2,0
5365,0,0
5366,2,0
5367,0,0
5368,0,0
5371,0,0
5375,2,0
5381,1,0
5382,2,0
5386,0,0
5388,0,0
5390,1,0
5392,1,0
5394,1,0
5396,1,0
5400,0,0
5402,2,0
5403,0,0
5408,1,0
5410,1,0
5412,1,0
5413,0,0
5416,0,0
5417,1,0
5418,0,0
5421,0,0
5422,0,0
5424,0,0
5425,0,0
5428,1,0
5430,1,0
5431,2,0
5433,0,0
5438,2,0
5441,0,2
5442,0,0
5444,1,0
5445,2,0
5448,1,0
5450,1,0
5451,2,0
5452,1,0
5453,1,0
5465,2,0
5469,2,0
5470,1,0
5472,2,0
5473,1,0
5475,0,0
5479,0,0
5481,0,0
5482,1,0
5484,1,0
5485,1,0
5486,0,0
5488,0,0
5490,2,0
5493,0,0
5494,0,0
5499,0,0
5506,0,0
5508,2,0
5509,1,0
5511,1,0
5515,0,0
5516,1,0
5517,2,0
5519,0,0
5524,0,0
5527,1,0
5528,2,0
5529,0,0
5536,1,0
5539,0,0
5541,0,0
5542,0,0
5543,1,0
5544,2,0
5547,0,0
5550,0,0
5551,0,0
5557,0,0
5559,0,0
5562,2,0
5564,0,0
5566,0,0
5567,1,0
5570,1,0
5571,2,0
5572,1,0
5573,0,0
5574,1,0
5576,1,0
5577,2,0
5578,1,0
5579,1,0
5581,1,0
5583,0,0
5585,0,0
5589,0,0
5590,0,0
5592,0,0
5594,0,0
5596,0,0
5597,1,0
5598,2,0
5599,1,0
5600,2,0
5601,0,0
5605,0,0
5606,1,0
5611,0,0
5616,2,0
5622,2,0
5625,0,0
5626,1,0
5628,0,0
5629,0,0
5630,0,0
5631,0,0
5635,1,0
5636,2,0
5638,0,0
5639,1,0
5644,1,0
5648,1,0
5649,0,0
5650,0,0
5652,2,0
5654,2,0
5655,0,0
5658,0,0
5660,1,0
5661,0,0
5662,1,0
5665,0,0
5666,0,0
5667,0,0
5669,1,0
5670,0,0
5672,0,0
5673,1,0
5674,0,0
5681,2,0
5682,0,0
5684,0,0
5685,0,0
5686,0,0
5688,2,0
5689,1,0
5690,2,0
5692,0,0
5699,2,0
5700,0,0
5702,1,0
5703,2,0
5704,1,0
5705,1,0
5707,1,0
5708,2,0
5709,1,0
5711,1,0
5713,1,0
5714,1,0
5715,2,0
5716,1,0
5719,0,0
5720,0,0
5721,0,0
5723,1,0
5724,2,0
5726,2,0
5727,1,0
5729,1,0
5730,0,0
5731,1,0
5734,1,0
5735,0,0
5738,0,0
5743,1,0
5746,0,0
5748,0,0
5754,0,0
5757,0,0
5759,1,0
5760,0,0
5763,0,0
5766,0,0
5767,0,0
5769,0,0
5771,2,0
5774,0,0
5775,0,0
5778,1,0
5780,0,0
5782,0,0
5783,0,0
5784,0,0
5785,0,0
5786,0,0
5789,2,0
5790,1,0
5793,0,0
5795,2,0
5796,1,0
5798,2,0
5800,2,0
5802,0,0
5803,0,0
5804,0,0
5805,0,0
5807,0,0
5808,1,0
5809,2,0
5814,0,0
5817,0,0
5818,2,0
5827,2,0
5830,0,0
5831,0,0
5832,0,0
5833,0,0
5837,0,0
5838,0,0
5840,0,0
5843,0,0
5844,1,0
5849,0,0
5854,2,0
5856,0,0
5858,0,0
5862,1,0
5863,0,0
5866,1,0
5868,1,0
5869,1,0
5870,0,0
5871,1,0
5873,0,0
5877,1,0
5878,0,0
5880,1,0
5881,0,0
5884,0,0
5888,0,0
5889,1,0
5891,0,0
5892,0,0
5893,0,0
5896,0,0
5897,0,0
5903,0,0
5908,2,0
5910,0,0
5912,0,0
5913,0,0
5915,0,0
5916,1,0
5917,2,0
5921,0,0
5925,1,2
5926,0,2
5927,0,0
5929,0,0
5932,1,0
5933,0,0
5934,1,0
5935,2,0
5939,0,0
5940,1,0
5942,2,0
5945,0,0
5946,0,0
5949,0,0
5950,0,0
5951,0,0
5953,2,0
5954,1,0
5957,0,0
5958,0,0
5959,0,0
5961,1,0
5962,0,0
5963,0,0
5967,0,0
5969,0,0
5971,0,0
5972,1,0
5973,0,0
5974,0,0
5980,0,0
5981,0,0
5984,0,0
5985,1,0
5993,0,0
5994,1,0
5995,2,0
5997,2,0
5998,0,0
5999,0,0
6002,0,0
6003,1,0
6004,2,0
6008,0,0
6009,2,0
6010,0,0
6011,2,0
6012,0,0
6013,0,0
6016,0,0
6018,0,0
6019,0,0
6021,0,0
6023,0,0
6024,0,0
6025,1,0
6026,2,0
6031,0,0
6033,0,0
6034,1,0
6036,1,0
6039,0,0
6040,2,0
6043,0,0
6046,0,0
6048,0,0
6049,0,0
6055,0,0
6057,2,0
6058,0,0
6059,0,0
6062,0,0
6063,1,0
6064,2,0
6066,0,0
6067,0,0
6069,0,0
6070,0,0
6071,0,0
6073,0,0
6074,1,0
6076,1,0
6079,2,0
6081,0,0
6087,0,0
6089,0,0
6090,0,0
6091,0,0
6094,1,0
6097,0,0
6100,1,0
6102,0,0
6107,0,0
6110,0,0
6111,0,0
6113,0,0
6114,1,0
6115,0,0
6116,1,0
6118,1,0
6121,0,0
6124,2,0
6125,1,0
6126,2,0
6129,0,0
6130,0,0
6132,1,0
6134,0,0
6138,0,0
6139,0,0
6140,0,0
6141,0,0
6142,0,0
6143,1,0
6148,0,0
6149,0,0
6151,0,0
6156,0,0
6162,2,0
6163,1,0
6165,0,0
6166,0,0
6167,0,0
6168,0,0
6172,0,0
6173,1,0
6177,0,0
6181,0,0
6182,0,0
6184,0,0
6189,0,0
6190,0,0
6192,1,0
6196,0,0
6201,1,0
6204,1,0
6207,0,0
6210,0,0
6216,1,0
6217,2,0
6220,1,0
6221,1,0
6222,0,0
6223,1,0
6226,0,0
6227,0,0
6229,0,0
6230,1,0
6235,0,0
6237,0,0
6238,0,0
6240,0,0
6244,0,0
6245,0,0
6247,0,0
6251,2,0
6252,0,0
6254,0,0
6255,0,0
6256,0,0
6257,2,0
6260,2,0
6261,1,0
6262,0,0
6264,0,0
6265,1,0
6268,1,0
6269,2,0
6270,1,0
6271,0,0
6273,0,0
6274,0,0
6275,0,0
6276,0,0
6277,1,0
6279,1,0
6281,0,0
6282,1,0
6283,0,0
6284,1,0
6285,0,0
6289,2,0
6294,0,0
6296,0,0
6298,0,0
6303,0,0
6304,0,0
6312,0,0
6314,0,0
6320,0,0
6322,0,0
6323,0,0
6324,1,0
6325,2,0
6328,0,0
6329,0,0
6331,0,0
6332,2,0
6339,2,0
6340,1,0
6341,0,0
6343,2,0
6351,0,0
6352,0,0
6354,0,0
6355,1,0
6356,2,0
6361,0,0
6364,1,0
6365,0,0
6367,2,0
6369,0,0
6371,0,0
6374,0,0
6376,0,0
6378,2,0
6379,0,0
6380,0,0
6383,0,0
6384,0,0
6388,1,0
6389,2,0
6391,0,0
6393,0,0
6398,0,0
6399,0,0
6400,0,0
6401,0,0
6403,0,0
6406,0,0
6408,0,0
6409,0,0
6410,0,0
6413,0,0
6414,0,0
6415,1,0
6416,2,0
6418,0,0
6422,0,0
6425,0,0
6427,2,0
6428,1,0
6430,0,0
6431,0,0
6433,0,0
6435,0,0
6436,0,0
6437,1,0
6438,2,0
6439,1,0
6440,0,0
6441,0,0
6442,0,0
6445,0,0
6446,1,0
6449,0,0
6451,0,0
6453,0,0
6455,0,0
6456,0,0
6457,1,0
6459,0,2
6461,0,0
6462,0,0
6464,0,0
6465,0,2
6466,0,2
6472,0,0
6473,0,0
6474,1,0
6475,0,0
6476,1,0
6479,1,0
6481,0,0
6483,0,0
6484,0,0
6485,1,0
6486,1,0
6487,0,0
6490,0,0
6492,0,0
6493,0,0
6494,0,0
6498,2,0
6501,0,0
6502,0,0
6503,0,0
6504,0,0
6505,1,0
6507,2,0
6509,2,0
6512,0,0
6515,1,0
6516,2,0
6518,1,0
6519,2,0
6520,0,0
6522,0,0
6523,0,0
6524,0,0
6525,0,0
6526,1,0
6528,1,0
6530,0,0
6533,0,0
6534,1,0
6537,1,0
6538,2,0
6541,1,0
6542,2,0
6547,2,0
6551,0,0
6553,0,0
6556,2,0
6560,0,0
6561,0,0
6562,0,0
6564,1,0
6570,0,0
6571,0,0
6573,1,0
6574,0,0
6581,0,0
6583,0,0
6585,0,0
6586,1,0
6587,2,0
6594,0,0
6596,2,0
6601,0,0
6602,1,0
6608,0,0
6609,0,0
6611,1,0
6612,2,0
6613,1,0
6616,0,0
6621,0,0
6622,1,0
6623,2,0
6624,0,0
6627,0,0
6628,0,0
6629,1,0
6630,2,0
6633,0,0
6636,0,0
6637,2,0
6639,1,0
6641,2,0
6642,1,0
6643,2,0
6645,0,0
6650,0,0
6651,1,0
6652,0,0
6653,0,0
6654,0,0
6655,0,0
6660,1,0
6661,2,0
6662,1,0
6663,2,0
6666,0,0
6667,0,0
6668,0,0
6672,2,0
6676,0,0
6677,0,0
6679,0,0
6680,1,0
6681,2,0
6682,0,0
6685,0,0
6686,0,0
6689,1,0
6690,2,0
6691,1,0
6693,1,0
6699,2,0
6702,0,0
6703,0,0
6704,0,0
6706,0,0
6707,1,0
6708,2,0
6710,0,0
6712,0,0
6713,0,0
6716,1,0
6718,0,0
6719,0,0
6722,0,0
6724,0,0
6726,2,0
6727,1,0
6730,0,0
6732,0,0
6734,1,0
6737,2,0
6739,0,0
6741,0,0
6743,0,0
6744,0,0
6749,0,0
6751,0,0
6753,1,0
6755,2,0
6759,0,0
6763,1,0
6767,2,0
6774,1,0
6776,1,0
6779,0,0
6780,0,0
6782,0,0
6783,1,0
6785,1,0
6786,2,0
6787,0,0
6788,0,0
6790,0,0
6792,1,0
6793,1,0
6794,1,0
6795,0,0
6796,0,0
6797,0,0
6798,0,0
6801,1,0
6803,0,0
6806,0,0
6807,0,0
6808,0,0
6809,0,0
6811,0,0
6815,0,0
6817,0,0
6818,0,0
6820,1,0
6821,1,0
6823,0,0
6826,0,0
6827,0,0
6828,1,0
6829,0,0
6831,0,0
6832,1,0
6835,2,0
6836,0,0
6837,0,0
6838,0,0
6839,0,0
6841,1,0
6842,0,0
6844,0,0
6846,0,0
6848,0,0
6850,0,0
6852,1,0
6853,0,0
6854,1,0
6856,1,0
6858,0,0
6859,0,0
6860,1,0
6861,1,0
6864,2,0
6867,0,0
6871,0,0
6872,1,0
6873,2,0
6874,1,0
6876,0,0
6878,1,0
6881,1,0
6882,0,0
6883,0,0
6886,0,0
6888,1,0
6889,2,0
6891,0,0
6892,0,0
6893,0,0
6895,0,0
6898,2,0
6900,2,0
6904,0,0
6906,1,0
6908,1,0
6909,2,0
6910,0,0
6911,0,0
6915,1,0
6916,2,0
6917,0,0
6925,0,0
6926,1,0
6928,1,0
6929,2,0
6930,1,0
6933,0,0
6935,1,0
6936,0,0
6937,0,0
6938,1,0
6939,0,0
6941,0,0
6943,0,0
6944,0,0
6949,2,0
6951,0,0
6952,0,0
6953,0,0
6954,0,0
6956,0,0
6959,1,0
6960,0,0
6962,0,0
6963,0,0
6965,0,0
6967,0,0
6972,0,0
6973,1,0
6976,0,0
6977,2,0
6984,2,0
6985,0,0
6986,0,0
6988,1,0
6989,0,0
6990,1,0
6999,1,0
7003,0,0
7010,1,0
7011,2,0
7012,1,0
7014,1,0
7015,1,0
7017,0,0
7023,0,0
7024,0,0
7029,2,0
7030,0,0
7031,0,0
7032,1,0
7033,0,0
7034,0,0
7036,0,0
7037,0,0
7038,1,0
7039,2,0
7041,0,0
7042,1,0
7046,1,0
7047,2,0
7048,1,0
7049,2,0
7050,0,0
7051,0,0
7052,0,0
7053,0,0
7055,1,0
7057,1,0
7059,1,0
7062,0,0
7065,2,0
7067,0,0
7068,0,0
7069,0,0
7071,0,0
7072,0,0
7073,1,0
7075,1,0
7076,2,0
7078,0,0
7079,0,0
7080,0,0
7089,0,0
7091,0,0
7095,0,0
7096,2,0
7097,0,0
7098,0,0
7102,1,0
7106,0,0
7107,0,0
7109,0,0
7111,2,0
7112,0,0
7113,1,0
7114,2,0
7115,1,0
7117,0,0
7122,1,0
7128,1,0
7129,0,0
7130,1,0
7131,1,0
7132,0,0
7134,1,0
7135,0,0
7136,1,0
7137,2,0
7140,0,0
7141,1,0
7142,1,0
7146,0,0
7147,0,0
7148,0,0
7149,0,0
7151,0,0
7152,0,0
7154,2,0
7157,0,0
7158,1,0
7159,0,0
7160,0,0
7162,1,0
7163,2,0
7167,0,0
7168,0,0
7169,0,0
7170,0,0
7171,0,0
7172,0,0
7173,1,0
7174,0,0
7175,1,0
7176,2,0
7177,0,0
7178,0,0
7179,0,0
7180,0,0
7181,0,0
7182,1,0
7183,2,0
7184,1,0
7187,1,0
7188,1,0
7190,1,0
7191,2,0
7192,1,0
7193,1,0
7194,2,0
7195,1,0
7197,0,0
7198,0,0
7199,0,0
7201,0,0
7202,1,0
7203,2,0
7206,0,0
7207,0,0
7212,1,0
7215,1,0
7216,0,0
7220,0,0
7223,0,0
7225,1,0
7227,0,0
7231,0,0
7232,0,0
7233,1,0
7236,1,0
7238,0,0
7243,0,0
7244,1,0
7245,0,0
7247,0,0
7248,0,0
7249,0,0
7250,0,0
7251,0,0
7253,0,0
7254,0,0
7255,1,0
7256,2,0
7257,1,0
7258,2,0
7259,1,0
7260,1,0
7261,2,0
7263,1,0
7264,0,0
7265,1,0
7266,1,0
7272,1,0
7273,0,0
7275,1,0
7278,2,0
7279,1,0
7282,0,0
7283,0,0
7284,1,0
7285,2,0
7286,1,0
7288,0,0
7289,0,0
7290,0,0
7295,1,0
7296,0,0
7297,1,0
7299,0,0
7301,1,0
7303,1,0
7305,2,0
7307,1,0
7308,2,0
7310,2,0
7312,2,0
7317,1,0
7318,2,0
7321,0,0
7323,0,0
7324,1,0
7325,2,0
7326,0,0
7327,1,0
7328,0,0
7329,0,0
7330,0,0
7331,0,0
7333,0,0
7336,2,0
7337,1,0
7338,0,0
7339,0,0
7341,0,0
7342,0,0
7345,0,0
7348,1,0
7351,1,0
7354,1,0
7355,2,0
7357,1,0
7360,2,0
7361,0,0
7366,1,0
7369,0,0
7373,0,0
7376,0,0
7377,1,0
7378,0,0
7379,1,0
7380,2,0
7382,2,0
7384,0,0
7385,1,0
7387,0,0
7393,0,0
7395,1,0
7396,2,0
7400,0,0
7401,0,0
7403,0,0
7405,2,0
7406,1,0
7407,0,0
7408,0,0
7409,0,0
7412,0,0
7413,1,0
7415,0,0
7421,2,0
7424,1,0
7425,0,0
7426,1,0
7429,0,0
7430,0,0
7431,0,0
7433,1,0
7435,0,0
7436,2,0
7439,0,0
7440,0,0
7442,1,0
7443,0,0
7447,2,0
7449,0,0
7450,0,0
7453,0,0
7456,0,0
7458,2,0
7460,0,0
7463,0,0
7465,0,0
7467,2,0
7469,1,0
7473,1,0
7478,2,0
7480,0,0
7482,0,0
7484,2,0
7488,1,0
7489,2,0
7490,0,0
7494,0,0
7495,1,0
7498,2,0
7500,0,0
7502,0,0
7510,1,0
7512,0,0
7513,0,0
7514,0,0
7515,1,0
7517,1,0
7518,2,0
7519,0,0
7520,0,0
7521,0,0
7523,0,0
7524,1,0
7528,0,0
7529,0,0
7530,0,0
7531,0,0
7535,1,0
7536,0,0
7538,1,0
7540,0,0
7552,1,0
7555,1,0
7560,0,0
7562,0,0
7565,0,0
7566,1,0
7568,1,0
7570,1,0
7571,0,0
7574,1,0
7575,1,0
7578,1,0
7579,0,0
7584,0,0
7585,1,0
7586,1,0
7589,2,0
7591,0,0
7592,0,0
7593,0,0
7595,1,0
7596,2,0
7597,1,0
7598,1,0
7600,1,0
7601,0,0
7602,0,0
7604,0,0
7605,1,0
7607,2,0
7610,0,0
7614,0,0
7615,1,0
7617,0,0
7620,0,0
7621,0,0
7623,0,0
7624,0,0
7626,1,0
7627,2,0
7628,1,0
7631,0,0
7632,1,0
7633,0,0
7635,1,0
7637,1,0
7640,1,0
7644,0,0
7645,0,0
7646,1,0
7650,1,0
7655,1,0
7656,0,0
7661,0,0
7663,0,0
7664,0,0
7671,0,0
7673,0,0
7674,1,0
7676,2,0
7679,0,0
7683,0,0
7684,0,0
7685,0,0
7686,1,0
7690,1,0
7691,0,0
7693,0,0
7694,1,0
7695,1,2
7696,0,0
7698,1,0
7704,0,0
7705,0,0
7706,1,0
7708,1,0
7709,2,0
7710,0,0
7713,0,0
7715,1,0
7717,1,0
7721,0,0
7725,0,0
7727,1,0
7730,0,0
7735,1,0
7736,2,0
7737,1,0
7738,0,0
7745,2,0
7748,2,0
7749,0,0
7750,0,0
7756,0,0
7758,2,0
7759,1,0
7761,0,0
7762,0,0
7765,0,0
7766,1,0
7767,2,0
7770,0,0
7773,0,0
7774,1,0
7775,1,0
7783,0,0
7786,1,0
7788,1,0
7789,0,0
7791,0,0
7796,2,0
7797,1,0
7799,0,0
7800,0,0
7801,0,0
7802,0,0
7803,0,0
7806,1,0
7809,0,0
7812,1,0
7814,2,0
7815,1,0
7816,0,0
7818,0,0
7824,1,0
7825,0,0
7826,0,0
7827,0,0
7828,0,0
7829,0,0
7830,0,0
7831,1,0
7832,0,0
7833,1,0
7835,1,0
7837,1,0
7840,1,0
7842,1,0
7843,2,0
7845,2,0
7846,0,0
7848,0,0
7850,2,0
7852,2,0
7853,0,0
7854,0,0
7855,0,0
7856,0,0
7857,0,0
7858,1,0
7860,1,0
7862,0,0
7863,0,0
7865,0,0
7870,1,0
7871,0,0
7873,0,0
7874,0,0
7879,2,0
7880,1,0
7882,1,0
7883,1,0
7885,2,0
7886,1,0
7894,0,0
7895,0,0
7897,2,0
7901,0,0
7904,0,0
7905,1,0
7907,0,0
7908,1,0
7910,0,0
7911,0,0
7913,0,0
7914,0,0
7915,0,0
7916,1,0
7918,1,0
7919,2,0
7920,0,0
7922,1,0
7924,1,0
7928,2,0
7929,0,0
7930,0,0
7931,0,0
7941,0,0
7942,0,0
7943,1,0
7944,0,0
7945,1,0
7948,0,0
7952,1,0
7955,2,0
7956,1,0
7958,0,0
7960,1,0
7961,1,0
7962,2,0
7965,2,0
7968,0,0
7969,0,0
7970,0,0
7974,1,0
7975,0,0
7978,0,0
7979,0,0
7982,0,0
7983,0,0
7984,2,0
7988,0,0
7991,1,0
7992,1,0
7994,1,0
8000,0,0
8001,1,0
8003,1,0
8004,0,0
8007,0,0
8008,0,0
8009,0,0
8011,2,0
8013,2,0
8015,0,0
8016,0,0
8017,0,0
8019,1,0
8020,0,0
8022,0,0
8023,1,0
8026,0,0
8027,1,0
8030,1,0
8033,0,0
8034,0,0
8035,0,0
8036,0,0
8042,0,0
8043,0,0
8045,0,0
8046,1,0
8048,1,0
8051,0,0
8052,1,0
8053,0,0
8054,1,0
8056,0,0
8061,0,0
8062,0,0
8063,0,0
8066,1,0
8070,0,0
8074,0,0
8075,1,0
8078,0,0
8080,0,0
8081,0,0
8082,1,0
8083,0,0
8085,0,0
8086,0,0
8087,0,0
8088,1,0
8097,0,0
8098,0,0
8099,0,0
8100,1,0
8101,2,0
8102,1,0
8103,2,0
8106,0,0
8107,0,0
8111,1,0
8113,0,0
8114,0,0
8115,0,0
8116,0,0
8117,0,0
8118,1,0
8123,0,0
8125,0,0
8128,0,0
8131,0,0
8132,0,0
8133,0,0
8135,0,0
8139,2,0
8140,0,0
8142,0,0
8144,0,0
8146,0,0
8148,0,0
8149,0,0
8150,0,0
8151,0,0
8153,0,0
8154,1,0
8160,1,0
8164,0,0
8166,0,0
8167,0,0
8169,0,0
8170,0,0
8171,0,0
8172,1,0
8174,1,0
8176,0,0
8178,0,0
8181,1,0
8182,2,0
8183,1,0
8185,0,0
8188,0,0
8197,0,0
8198,0,0
8202,0,0
8203,0,0
8204,0,0
8205,0,0
8207,0,0
8208,1,0
8209,0,0
8214,0,0
8218,0,0
8221,0,0
8222,0,0
8224,0,0
8226,1,0
8229,0,0
8231,0,0
8232,0,0
8234,0,0
8235,1,0
8236,0,0
8237,1,0
8238,0,0
8239,0,0
8240,0,0
8241,0,0
8242,0,0
8243,0,0
8244,1,0
8245,0,0
8250,0,0
8252,0,0
8253,1,0
8254,0,0
8255,1,0
8256,0,0
8257,1,0
8259,0,0
8260,0,0
8261,0,0
8262,1,0
8265,0,0
8268,1,0
8270,1,0
8271,1,0
8273,1,0
8275,1,0
8278,0,0
8279,0,0
8280,1,0
8284,0,0
8286,1,0
8287,0,0
8290,2,0
8291,1,0
8292,2,0
8293,0,0
8295,0,0
8297,0,0
8298,1,0
8299,0,0
8301,2,0
8302,1,0
8303,0,0
8308,2,0
8309,1,0
8310,0,0
8311,0,0
8315,0,0
8318,1,0
8319,2,0
8320,0,0
8322,0,0
8324,0,0
8332,2,0
8337,0,0
8341,0,0
8342,1,0
8344,2,0
8346,0,0
8348,0,0
8350,0,0
8353,0,0
8354,1,0
8357,0,0
8359,0,0
8361,0,0
8364,2,0
8365,0,0
8369,0,0
8370,1,0
8371,2,0
8372,1,0
8373,0,0
8378,0,0
8380,0,0
8382,0,0
8385,0,0
8386,0,0
8387,0,0
8390,1,0
8391,0,0
8392,0,0
8393,0,0
8394,0,0
8395,0,0
8397,1,0
8399,1,0
8401,0,0
8402,0,0
8403,0,0
8405,0,0
8408,1,0
8410,1,0
8411,0,0
8413,1,0
8414,1,0
8415,1,0
8416,0,0
8418,2,0
8420,0,0
8422,0,0
8423,0,0
8427,2,0
8428,0,0
8429,0,0
8432,0,0
8433,1,0
8436,2,0
8438,0,0
8439,0,0
8440,0,0
8442,0,0
8443,0,0
8445,0,0
8447,0,0
8448,0,0
8450,0,0
8454,0,0
8463,0,0
8464,0,0
8465,0,0
8466,0,0
8467,0,0
8468,0,0
8472,0,0
8473,0,0
8477,0,0
8478,1,0
8480,1,0
8485,1,0
8487,0,0
8488,0,0
8491,0,0
8495,0,0
8496,1,0
8497,2,0
8498,1,0
8499,2,0
8503,0,0
8508,0,0
8509,0,0
8510,0,0
8513,0,0
8515,2,0
8518,0,0
8519,2,0
8522,1,0
8523,0,0
8526,0,0
8527,0,0
8531,0,0
8533,0,0
8534,0,0
8535,0,0
8539,0,0
8540,0,0
8542,2,0
8544,2,0
8545,0,0
8546,0,0
8547,1,0
8549,1,0
8550,1,0
8552,1,0
8553,0,0
8554,0,0
8556,0,0
8557,0,0
8559,1,0
8560,1,0
8565,0,0
8568,1,0
8570,1,0
8573,0,0
8575,0,0
8577,0,0
8579,1,0
8580,0,0
8583,1,0
8585,1,0
8587,2,0
8591,0,0
8592,0,0
8595,1,0
8599,0,0
8602,1,0
8603,0,0
8604,1,0
8605,0,0
8612,1,0
8615,1,0
8616,2,0
8617,0,0
8619,0,0
8621,0,0
8623,0,0
8625,0,0
8628,0,0
8634,0,0
8638,0,0
8640,1,0
8641,0,0
8642,1,0
8643,2,0
8644,0,0
8648,0,0
8650,0,0
8652,2,0
8653,0,0
8654,0,0
8655,0,0
8659,1,0
8661,0,0
8662,0,0
8666,0,0
8667,0,0
8670,0,0
8671,1,0
8672,2,0
8673,0,0
8677,0,0
8681,0,0
8682,0,0
8687,1,0
8688,2,0
8693,1,0
8694,0,0
8695,1,0
8698,1,0
8701,0,0
8703,0,0
8704,0,0
8706,0,0
8707,1,0
8710,0,0
8711,0,0
8713,0,0
8715,2,0
8717,0,0
8718,0,0
8720,0,0
8721,0,0
8722,0,0
8723,1,0
8725,1,0
8726,2,0
8729,1,0
8730,0,0
8731,0,0
8732,1,0
8733,2,0
8734,1,0
8735,0,0
8736,1,0
8737,0,0
8740,1,0
8744,2,0
8745,0,0
8747,0,0
8752,1,0
8754,0,0
8755,0,0
8758,0,0
8761,1,0
8762,0,0
8763,0,0
8764,0,0
8765,0,0
8769,2,0
8770,1,0
8771,2,0
8772,0,0
8773,0,0
8774,1,0
8776,0,0
8778,0,0
8780,0,0
8782,0,0
8785,0,0
8788,1,0
8789,0,0
8793,0,0
8795,1,0
8797,1,0
8798,2,0
8799,1,0
8802,0,0
8803,1,0
8804,1,0
8807,2,0
8808,0,0
8809,0,0
8810,0,0
8811,0,0
8812,0,0
8817,1,0
8818,0,0
8819,1,0
8820,0,0
8821,1,0
8824,1,0
8825,0,0
8826,0,0
8827,0,0
8828,0,0
8829,0,0
8831,0,0
8833,1,0
8835,0,0
8837,0,0
8839,0,0
8840,1,0
8843,0,0
8845,0,0
8847,0,0
8849,0,0
8850,2,0
8851,1,0
8853,0,0
8857,0,0
8860,1,0
8861,2,0
8863,0,0
8864,0,0
8865,0,0
8866,0,0
8868,0,0
8870,0,0
8871,1,0
8872,0,0
8874,0,0
8877,0,0
8880,0,0
8881,0,0
8882,0,0
8883,0,0
8884,0,0
8885,1,0
8886,0,0
8887,1,0
8889,0,0
8890,0,0
8891,0,0
8893,0,0
8895,2,2
8896,1,0
8897,2,0
8898,0,0
8899,0,0
8900,0,0
8904,0,0
8905,1,0
8906,0,0
8909,1,0
8910,0,0
8911,1,0
8912,1,0
8919,2,0
8920,1,0
8921,0,0
8922,0,0
8923,1,0
8925,0,0
8927,0,0
8928,0,0
8929,0,0
8930,1,0
8931,0,0
8933,2,0
8935,2,0
8939,1,0
8940,0,0
8946,0,0
8947,0,0
8950,1,0
8951,0,0
8953,0,0
8954,0,0
8960,0,0
8962,0,0
8968,1,0
8969,2,0
8970,0,0
8971,0,0
8974,0,0
8975,1,0
8979,0,0
8981,0,0
8984,1,0
8985,2,0
8989,0,0
8990,0,0
8991,0,0
8993,1,0
8995,0,0
8997,0,0
9002,0,0
9003,0,0
9004,1,0
9007,2,0
9008,0,0
9009,0,0
9010,0,0
9012,0,0
9013,1,0
9016,0,0
9018,0,0
9020,0,0
9022,1,0
9023,0,0
9025,0,0
9026,0,0
9027,0,0
9032,0,0
9034,0,0
9042,1,0
9043,0,0
9047,0,0
9048,1,0
9049,1,0
9052,2,0
9055,0,0
9057,0,0
9059,2,0
9060,1,0
9061,0,0
9062,0,0
9063,0,0
9064,0,0
9065,0,0
9072,0,0
9076,1,0
9079,0,0
9081,0,0
9082,0,0
9084,0,0
9087,1,0
9088,2,0
9089,0,0
9091,0,0
9092,0,0
9100,0,0
9104,0,0
9105,1,0
9107,0,0
9111,0,0
9112,1,0
9114,1,0
9115,2,0
9116,0,0
9118,1,0
9119,0,0
9120,0,0
9121,1,0
9122,0,0
9123,1,0
9124,0,0
9128,0,0
9130,1,0
9135,0,0
9138,0,0
9143,1,0
9144,2,0
9145,1,0
9149,0,0
9151,0,0
9152,0,0
9154,0,0
9157,1,0
9158,2,0
9162,0,0
9163,0,0
9164,0,0
9165,0,0
9166,1,0
9168,1,0
9170,0,0
9173,0,0
9174,0,0
9175,1,0
9176,2,0
9178,2,0
9179,1,0
9180,0,0
9182,2,0
9190,0,0
9191,0,0
9195,1,0
9197,0,0
9199,0,0
9201,0,0
9202,1,0
9203,0,0
9204,1,0
9205,0,0
9207,1,0
9209,0,0
9210,0,0
9214,0,0
9216,0,0
9217,0,0
9218,0,0
9219,0,0
9220,1,0
9221,0,0
9225,0,0
9226,0,0
9227,0,0
9228,0,0
9229,1,0
9231,1,0
9232,2,0
9234,0,0
9237,1,0
9243,0,0
9244,0,0
9245,0,0
9246,0,0
9248,0,0
9251,0,0
9252,0,0
9253,0,0
9256,1,0
9257,2,0
9258,1,0
9260,0,0
9261,0,0
9263,0,0
9265,1,0
9266,1,0
9267,1,0
9268,2,0
9270,0,0
9271,0,0
9276,1,0
9277,0,0
9278,1,0
9279,0,0
9282,0,0
9283,1,0
9286,0,0
9289,0,0
9290,0,0
9291,0,0
9294,1,0
9296,0,0
9298,0,0
9301,1,0
9302,0,0
9304,2,0
9306,0,0
9310,1,0
9311,2,0
9312,1,0
9316,0,0
9317,0,0
9318,0,0
9320,2,0
9321,1,0
9322,1,0
9324,0,0
9325,0,0
9331,2,0
9332,1,0
9333,2,0
9334,1,0
9339,1,0
9340,0,0
9341,1,0
9345,0,0
9346,0,0
9347,0,0
9348,1,0
9352,0,0
9353,0,0
9355,0,0
9357,0,0
9358,0,0
9360,0,0
9363,0,0
9364,0,0
9365,0,0
9366,1,0
9372,0,0
9376,0,0
9378,2,0
9379,0,0
9381,0,0
9382,0,0
9383,0,0
9384,1,0
9390,0,0
9392,0,0
9396,0,0
9397,0,0
9398,0,0
9399,0,0
9403,0,0
9404,1,0
9405,0,0
9406,0,0
9409,0,0
9410,0,0
9411,1,0
9415,0,0
9416,0,0
9417,0,0
9418,0,0
9419,0,0
9420,1,0
9421,0,0
9422,1,0
9428,1,0
9429,0,0
9432,2,0
9440,1,0
9441,0,0
9443,0,0
9446,1,0
9450,1,0
9454,0,0
9458,1,0
9459,0,0
9460,1,0
9463,0,0
9464,0,0
9466,0,0
9468,0,0
9470,0,0
9472,0,0
9474,0,0
9476,1,0
9477,0,0
9478,1,0
9479,0,0
9480,1,0
9481,0,0
9483,0,0
9484,0,0
9485,1,0
9486,2,0
9487,1,0
9491,1,0
9494,1,0
9498,0,0
9501,0,0
9503,1,0
9505,0,0
9507,0,0
9508,0,0
9509,0,0
9511,1,0
9513,0,0
9514,0,0
9518,0,0
9519,0,0
9520,0,0
9521,1,0
9522,0,0
9523,0,0
9527,0,0
9528,0,0
9533,2,0
9534,0,0
9536,0,0
9539,1,0
9543,0,0
9546,0,0
9547,0,0
9548,1,0
9550,1,0
9552,1,0
9553,1,0
9559,1,0
9560,0,0
9564,2,0
9566,1,0
9568,1,0
9573,0,0
9575,1,0
9582,0,0
9585,2,0
9586,1,0
9587,0,0
9588,0,0
9589,0,0
9590,0,0
9595,1,0
9596,2,0
9597,1,0
9598,0,0
9601,1,0
9603,0,0
9606,1,0
9608,0,0
9611,0,0
9612,0,0
9613,1,0
9614,0,0
9618,0,0
9619,0,0
9620,0,0
9621,0,0
9622,1,0
9625,0,0
9626,0,0
9628,0,0
9629,0,0
9630,0,0
9633,0,0
9634,1,0
9637,0,0
9640,0,0
9642,1,0
9647,0,0
9648,0,0
9649,0,0
9652,0,0
9654,0,0
9655,0,0
9658,0,0
9660,1,0
9661,2,0
9663,0,0
9664,1,0
9670,2,0
9671,1,0
9672,0,0
9673,0,0
9674,0,0
9679,0,0
9681,0,0
9682,0,0
9683,0,0
9685,0,0
9686,0,0
9688,2,0
9690,0,0
9693,0,0
9696,1,0
9705,1,0
9707,1,0
9711,1,0
9712,0,0
9714,1,0
9716,1,0
9724,0,0
9725,1,0
9727,0,0
9728,0,0
9729,0,0
9732,1,0
9734,1,0
9735,0,0
9737,1,0
9739,0,0
9740,1,0
9741,1,0
9742,0,0
9743,1,0
9750,1,0
9751,0,0
9754,0,0
9755,0,0
9756,0,0
9761,0,0
9762,0,0
9767,0,0
9768,0,0
9772,0,0
9775,0,0
9777,0,0
9779,0,0
9781,0,0
9782,0,0
9783,0,0
9785,0,0
9787,0,0
9790,0,0
9791,0,0
9792,0,0
9793,0,0
9794,0,0
9796,0,0
9797,0,0
9798,0,0
9802,0,0
9804,0,0
9807,0,0
9808,0,0
9809,0,0
9810,0,0
9812,0,0
9813,0,0
9818,0,0
9819,0,0
9823,0,0
9824,0,0
9826,0,0
9828,0,0
9830,0,0
9831,0,0
9832,0,0
9833,0,0
9834,0,0
9835,0,0
9837,0,0
9842,0,0
9845,0,0
9848,0,0
9849,0,0
9850,0,0
9852,0,0
9854,0,0
9855,0,0
9857,0,0
9858,0,0
9861,0,0
9862,0,0
9865,0,0
9866,0,0
9867,0,0
9871,0,0
9872,0,0
9873,0,0
9881,0,0
9883,0,0
9887,0,0
9888,0,0
9890,0,0
9891,0,0
9892,0,0
9894,0,0
9896,0,0
9898,0,0
9899,0,0
9901,0,0
9902,0,0
9906,0,0
9908,0,0
9909,0,0
9910,0,0
9913,0,0
9917,0,0
9918,0,0
9920,0,0
9923,0,0
9924,0,0
9925,0,0
9928,0,0
9929,0,0
9930,0,0
9932,0,0
9933,0,0
9937,0,0
9941,0,0
9944,0,0
9945,0,0
9946,0,0
9950,0,0
9952,0,0
9953,0,0
9954,0,0
9956,0,0
9957,0,0
9958,0,0
9959,0,0
9961,0,0
9962,0,0
9964,0,0
9965,0,0
9966,0,0
9969,0,0
9970,0,0
9971,0,0
9972,0,0
9977,0,0
9978,0,0
9979,0,0
9986,0,0
9987,0,0
9989,0,0
9990,0,0
9991,0,0
9992,0,0
9994,0,0
9995,0,0
9996,0,0
